id,drug_name,stock_concentration,stock_unit,storage_temp,supplier,preparation_date,notes,solvents,solubility,light_sensitive,preparation_time,expiration_time,sterility,lot_number,product_number,storage_section,storage_row,storage_column,fridge_region_id,aliquot_volume,container_id
1,"PEGDA - 20,000MW",,µM,-20C,Biomatrix,,Prepare by 20 w/v% in water/PBS,Water,,Yes,,,Non-sterile,9674,5341,,,,10,,19
2,CHIR-99021,30.0,mM,4C,Sellseck,,"Prepared CHIR solution, stored in cell culture room. ",DMSO,93mg/mL,No,,,Sterile,,S2924,,,,55,30 uL,50
3,TissueFab® Discrete GelMA,,µM,-20C,Millipore Sigma,,"170-195 bloom, 50% degree of substitution",,,,,,,,,,,,10,,19
4,Poly(ethylene glycol) diacrylate,,µM,-20C,,,"average Mn 6,000, acrylate, ≤1,500 ppm MEHQ as inhibitor",,,,,,,,,,,,10,,19
5,IOX2,,µM,-20C,Sellseck,,,,,,,,,,S2919,,,,10,,19
6,Glucose Oxidase from Aspergillus niger,,µM,-20C,Millipore Sigma,,,,,,,,,,9001-37-0,,,,10,,19
7,Poly(ethylene glycol)-block-poly(propylne glycol)-block-ploy(ethylene glycol) dimethacrylate,,µM,-20C,Sigma,,"Mn 12,500",,,,,,,1003816641,914169,,,,10,,19
8,Hyaluronidase from bovine testes,,µM,-20C,Millipore Sigma,,,,,,,,,,37326-33-3,,,,10,,19
9,Catalase from bovine liver,,µM,-20C,Sigma,,,,,,,,,0000452038,C9322,,,,10,,19
10,JumpStart Taq DNA Polymerase,,µM,-20C,Sigma,,50UN,,,,,,,018K6085,D9307,,,,13,,22
11,FGF2-G3 (human) growth factor,,µM,-20C,Defined Bioscience,,"Heat stabilized FGF2, 50ug",,,,,,,,,,,,13,,22
12,"B-27™ Supplement (50X), serum free",,µM,-20C,Thermo Fisher,,,,,,,,,,,,,,8,,16
13,"B-27™ Supplement, minus insulin",,µM,-20C,Thermo Fisher,,,,,,,,,,,,,,8,,16
14,L/E,,µM,-80C,,,,,,,,,,,,,,,19,,31
15,Matrigel growth factor reduced,,µM,-80C,Corning,,,,,,,,,,,,,,19,,31
16,Ascorbic Acid,1.0,M,-80C,,,,,,,,,,,,,,,19,,31
17,Cell Resuspension Solution,,µM,-80C,R&D systems,,Cell Resuspension Solution for colony forming assay,,,,,,,,,,,,19,1 mL,31
18,IGF1,10.0,µg/mL,-80C,,,,,,,,,,,,,,,19,,31
19,IL3,10.0,µg/mL,-80C,,,,,,,,,,,,,,,19,,31
20,IL11,10.0,µg/mL,-80C,,,,,,,,,,,,,,,19,,31
21,IL-6,10.0,µg/mL,-80C,,,,,,,,,,,,,,,19,,31
22,SCF,10.0,µg/mL,-80C,,,,,,,,,,,,,,,19,,31
23,EPL,10.0,µg/mL,-80C,,,,,,,,,,,,,,,19,,31
24,Shh,10.0,µg/mL,-80C,,,,,,,,,,,,,,,19,,31
25,TPO,10.0,µg/mL,-80C,,,,,,,,,,,,,,,19,,31
26,FRT-3,10.0,µg/mL,-80C,,,,,,,,,,,,,,,19,,31
27,M-CSF,10.0,µg/mL,-80C,,,,,,,,,,,,,,,19,,31
28,ASC,,µM,-80C,,,,,,,,,,,,,,,20,,32
29,FGF-2,10.0,µg/mL,-80C,,,,,,,,,,,,,,,20,,32
30,BMP4,10.0,µg/mL,-80C,,,,,,,,,,,,,,,20,,32
31,BMP-10,10.0,µg/mL,-80C,,,,,,,,,,,,,,,20,,32
32,Retinoic Acid,10.0,µg/mL,-80C,,,,,,,,,,,,,,,20,,32
33,Fibronectin,,µM,-80C,,,,,,,,,,,,,,,20,,32
34,VEGF,,µM,-80C,,,,,,,,,,,,,,,20,,32
35,Nodal,,µM,-80C,,,,,,,,,,,,,,,21,,33
36,Activin A,,µM,-80C,,,,,,,,,,,,,,,21,,33
37,TGFB-1,,µM,-80C,,,,,,,,,,,,,,,21,,33
38,SB431542,,µM,-80C,,,,,,,,,,,,,,,21,,33
39,LY294002,,µM,-80C,,,,,,,,,,,,,,,21,,33
40,P/S,,µM,4C,,,,,,,,,,,,,,,63,,59
41,HESC- matrigel,,µM,4C,,,,,,,,,,,,,,,64,,60
42,HESC-Matrigel,,µM,4C,,,,,,,,,,,,,,,56,,51
43,IWR1,10.0,mM,4C,,,,,,,,,,,,,,,56,,51
44,Thiazovivin,10.0,mM,4C,,,,,,,,,,,,,,,56,,51
45,RPMI+B27,,µM,4C,,,,,,,,,,,,,,,60,,55
46,RPMI +B27-insulin,,µM,4C,,,,,,,,,,,,,,,60,,55
47,RELESR,,µM,4C,,,,,,,,,,,,,,,68,,64
