id,layout_id,zone_name,row_index,col_index,col_span,row_span,color,created_at
5,1,Shelf 1 (Top),0,0,1,1,#e3f2fd,2026-01-28 16:22:26
6,1,Shelf 2,1,0,1,1,#e8f5e9,2026-01-28 16:22:26
7,1,Shelf 3,2,0,1,1,#fff3e0,2026-01-28 16:22:26
8,1,Shelf 4 (Bottom),3,0,1,1,#fce4ec,2026-01-28 16:22:26
9,2,Shelf 1 (Top),0,0,1,1,#e3f2fd,2026-01-28 16:25:06
10,2,Shelf 2,1,0,1,1,#e8f5e9,2026-01-28 16:25:06
11,2,Shelf 3,2,0,1,1,#fff3e0,2026-01-28 16:25:06
12,2,Shelf 4,3,0,1,1,#fce4ec,2026-01-28 16:25:06
13,2,Shelf 5 (Bottom),4,0,1,1,#e3f2fd,2026-01-28 16:25:07
14,3,Shelf 1A,0,0,1,1,#e3f2fd,2026-01-28 21:17:09
15,3,Shelf 1B,0,1,1,1,#e3f2fd,2026-01-28 21:17:09
16,3,Shelf 1C,0,2,1,1,#e3f2fd,2026-01-28 21:17:09
17,3,Shelf 1D,0,3,1,1,#e3f2fd,2026-01-28 21:17:09
18,3,Shelf 2A,1,0,1,1,#e3f2fd,2026-01-28 21:17:09
19,3,Shelf 2B,1,1,1,1,#e3f2fd,2026-01-28 21:17:09
20,3,Shelf 2C,1,2,1,1,#e3f2fd,2026-01-28 21:17:09
21,3,Shelf 2D,1,3,1,1,#e3f2fd,2026-01-28 21:17:09
22,3,Shelf 3A,2,0,1,1,#e3f2fd,2026-01-28 21:17:09
23,3,Shelf 3B,2,1,1,1,#e3f2fd,2026-01-28 21:17:09
24,3,Shelf 3C,2,2,1,1,#e3f2fd,2026-01-28 21:17:09
25,3,Shelf 3D,2,3,1,1,#e3f2fd,2026-01-28 21:17:09
26,3,Shelf 4A,3,0,1,1,#e3f2fd,2026-01-28 21:17:09
27,3,Shelf 4B,3,1,1,1,#e3f2fd,2026-01-28 21:17:09
28,3,Shelf 4C,3,2,1,1,#e3f2fd,2026-01-28 21:17:09
29,3,Shelf 4D,3,3,1,1,#e3f2fd,2026-01-28 21:17:09
30,3,Shelf 5A,4,0,1,1,#e3f2fd,2026-01-28 21:17:09
31,3,Shelf 5B,4,1,1,1,#e3f2fd,2026-01-28 21:17:09
32,3,Shelf 5C,4,2,1,1,#e3f2fd,2026-01-28 21:17:09
33,3,Shelf 5D,4,3,1,1,#e3f2fd,2026-01-28 21:17:09
42,4,Shelf 1,0,0,1,1,#e3f2fd,2026-01-29 22:52:26
43,4,Shelf 2,1,0,1,1,#fff3e0,2026-01-29 22:52:26
44,4,Shelf 3,2,0,1,1,#e8f5e9,2026-01-29 22:52:26
45,4,Shelf 4,3,0,1,1,#fce4ec,2026-01-29 22:52:26
50,7,Bin 1,0,0,1,1,#e3f2fd,2026-01-29 22:58:16
51,7,Bin 2,1,0,1,1,#fff3e0,2026-01-29 22:58:16
52,7,Bin 3,2,0,1,1,#e8f5e9,2026-01-29 22:58:16
53,7,Bin 4,3,0,1,1,#fce4ec,2026-01-29 22:58:16
54,7,Bin 5,4,0,1,1,#fff8e1,2026-01-29 22:58:16
55,8,Shelf 1 -20C,0,0,1,1,#e3f2fd,2026-01-30 15:23:14
56,8,Shelf 2 -20C,1,0,1,1,#fff3e0,2026-01-30 15:23:14
57,8,Shelf 3 4C Amy Lab,2,0,1,1,#e8f5e9,2026-01-30 15:23:14
58,8,Shelf 4 Costa Lab,3,0,1,1,#fce4ec,2026-01-30 15:23:14
59,8,Shelf 5 Costa Lab,4,0,1,1,#e3f2fd,2026-01-30 15:23:14
60,8,Shelf 5 Right Drawer Costa Lab,4,1,1,1,#e3f2fd,2026-01-30 15:23:14
61,8,Shelf 6 Left Drawer,5,0,1,1,#e3f2fd,2026-01-30 15:23:14
62,8,Shelf 6 Right Drawer,5,1,1,1,#e3f2fd,2026-01-30 15:23:14
63,9,Shelf 1 -20C,0,0,1,1,#e3f2fd,2026-01-30 15:24:32
64,9,Shelf -20C,1,0,1,1,#fff3e0,2026-01-30 15:24:32
65,9,Shelf 3 Left Amy Lab,2,0,1,1,#e8f5e9,2026-01-30 15:24:32
66,9,Shelf 3 Right Amy Lab,2,1,1,1,#e3f2fd,2026-01-30 15:24:32
67,9,Shelf 4,3,0,1,1,#fce4ec,2026-01-30 15:24:32
68,9,Shelf 5,4,0,1,1,#e3f2fd,2026-01-30 15:24:32
