id,name,target_protein,host_species,clonality,isotype,clone_number,supplier,catalog_number,lot_number,applications,fixation_compatibility,dilution_if,dilution_wb,dilution_ihc,storage_temp,stock_concentration,aliquot_volume,validated,notes,fridge_region_id,created_at,is_conjugated,fluorophore,fluorophore_excitation,fluorophore_emission
1,ISL1 ,ISL1,Mouse,Monoclonal,IgG1,1H9,,,,,,,,,4C,,,,,,2026-01-30 15:37:35,0,,,
2,Anti Cardiac Troponin T,Cardiac Troponin T,Mouse,,IgG1,13-11,,,,,,,,,4C,,,,,,2026-01-30 15:57:24,1,BV421,,
3,CD31 ,PECAM1,Rabbit,Monoclonal,,,,,,,,,,,4C,,,,,,2026-01-30 15:58:34,0,,,
4,Anti Alpha Smooth Muscle Actin,alphaSMA,Mouse,,IgG2a,,eBioscience,,,,,,,,4C,,,,,,2026-01-30 21:02:39,1,eFluor 506,,
5,anti-human CD172a/b (SIRPα/β),CD172a/b,Mouse,,IgG1,SE5A5,,,,,,,,,4C,,,,,,2026-01-30 21:05:14,1,PE-Cy7,,
6,Anti-human CD13,CD13,Mouse,,,,Biolegend,,,,,,,,4C,,,,,,2026-01-30 21:06:43,1,PE,,
7,anti-human CD90 (Thy1),CD90,Mouse,,,,,,,,,,,,4C,,,,,,2026-01-30 21:07:41,1,FITC,,
8,Anti-Connexin 43,Connexin 43 ,Mouse,Monoclonal,,,,,,,,,,,4C,,,,"React to mouse, rat, pig, canine",,2026-01-30 21:09:34,0,,,
9,CD81 Monoclonal Antibody (1.3.3.22) - MA5-13548,CD81 ,Mouse,Monoclonal,,,,,,,,,,,4C,,,,,,2026-01-30 21:10:47,0,,,
10,TBX5 Polyclonal Antibody,TBX5,Rabbit,Polyclonal,IgG,,Thermo Fisher Scientific,,,,,,,,4C,,,,,,2026-01-30 21:12:22,0,,,
11,CD45 Monoclonal Antibody (YAML501.4) - MA5-17687,CD45,Rat,Monoclonal,IgG2a,,,,,,,,,,4C,,,,,,2026-01-30 21:32:11,0,,,
12,Cdx1 Antibody [Alexa Fluor® 488],Cdx1,Rabbit,,,,,,,,,,,,4C,,,,,,2026-01-30 21:59:25,1,Alexa Fluor 488,,
13,Human/Mouse Oct-3/4 Alexa Fluor® 350-conjugated Antibody,Oct-3/4 ,Rat,Monoclonal,IgG2b,,,,,,,,,,4C,,,,,,2026-01-30 22:00:28,1,Alexa Fluor 350,,
14,Anti-OCT4,OCT4,Rabbit,,,,,,,,,,,,4C,,,,,,2026-01-30 22:01:05,1,Alexa Fluor 350,,
15,SOX2 Antibody (SOX2/3811R),SOX2,Rabbit,Monoclonal,,,,,,,,,,,4C,,,,,,2026-01-30 22:02:15,0,,,
16,Anti-Nanog,Nanog,,,,,,,,,,,,,4C,,,,,,2026-01-30 22:04:09,1,Alexa Fluor 647,,
17,Human/Mouse Oct‑3/4 Antibody,Oct‑3/4,Rat,,,,,,,,,,,,4C,,,,,,2026-01-30 22:05:16,0,,,
18,SOX2 Monoclonal Antibody (Btjce),SOX2,Rat,,,,,,,,,,,,4C,,,,,,2026-01-30 22:06:24,1,Alexa Fluor 488,,
19,Mesp1 Antibody,Mesp1,Rabbit,,,,,,,,,,,,4C,,,,,,2026-01-30 22:07:21,1,Alexa Fluor 594,,
20,Human Brachyury NorthernLights™ NL557-conjugated Antibody,Brachyury,Goat,,,,,,,,,,,,4C,,,,Conjugated with NL557,,2026-01-30 22:08:43,1,Alexa Fluor 555,,
21,SOX17 Antibody,SOX17,Rabbit,,,,,,,,,,,,4C,,,,,,2026-01-30 22:09:38,1,Alexa Fluor 647,,
22,GATA4 Antibody (G-4),GATA4,Mouse,Monoclonal,,,,,,,,,,,4C,,,,,,2026-01-30 22:11:36,0,,,
23,Anti-Nanog,Nanog,Mouse,Monoclonal,,,,,,,,,,,4C,,,,,,2026-01-30 22:12:15,0,,,
24,Nkx-2.5 Antibody (A-3),Nkx-2.5,Mouse,Monoclonal,,,,,,,,,,,4C,,,,,,2026-01-30 22:13:05,1,Alexa Fluor 488,,
25,Alexa Fluor® 555 Anti-Brachyury / Bry antibody [EPR18113],Brachyury,Rabbit,,,,,,,,,,,,4C,,,,,,2026-01-30 22:14:06,1,Alexa Fluor 555,,
26,Anti-WT1,WT1,Rabbit,,IgG,,abcam,,,,,,,1:100,4C,,,,,,2026-02-05 22:08:15,0,,,
27,Anti Serum Albumin,Albumin,Goat,,IgG,,,,,,,,,1:100,4C,,,,,,2026-02-05 22:08:51,0,,,
28,Anti-Alpha-1 antitrypsin,Alpha-1 antitrypsin,Mouse,,,,,,,,,,,1:100,4C,,,,,,2026-02-05 22:09:38,0,,,
29,Anti-HNF4A,HNF4A,Rabbit,,,,,,,,,,,1:100,4C,,,,,,2026-02-05 22:10:43,1,Alexa Fluor 488,,
30,Anti TBX3,TBX3,Rabbit,,,,,,,,,,,1:100,4C,,,,,,2026-02-05 22:11:41,1,Alexa Fluor 555,,
31,Cardiac Troponin T Monoclonal Antibody,,Mouse,,,,,,,,,,,,4C,,,,,,2026-02-10 18:45:37,0,,,
