id,unit_id,parent_id,kind,label,temp_c,owner_lab,grid_rows,grid_cols,pos_row,pos_col,row_span,col_span,depth_index,color,legacy_zone_id,created_at
1,1,,section,Body,,,,,0,0,1,1,0,,,2026-10-01 13:51:38
2,1,1,shelf,Shelf 1,,,,,0,0,1,1,0,#e3f2fd,42,2026-10-01 13:51:38
3,1,1,shelf,Shelf 2,,,,,1,0,1,1,0,#fff3e0,43,2026-10-01 13:51:38
4,1,1,shelf,Shelf 3,,,,,2,0,1,1,0,#e8f5e9,44,2026-10-01 13:51:38
5,1,1,shelf,Shelf 4,,,,,3,0,1,1,0,#fce4ec,45,2026-10-01 13:51:38
6,1,,section,Door,,,,,0,0,1,1,0,,,2026-10-01 13:51:38
7,1,6,bin,Bin 1,,,,,0,0,1,1,0,#e3f2fd,50,2026-10-01 13:51:38
8,1,6,bin,Bin 2,,,,,1,0,1,1,0,#fff3e0,51,2026-10-01 13:51:38
9,1,6,bin,Bin 3,,,,,2,0,1,1,0,#e8f5e9,52,2026-10-01 13:51:38
10,1,6,bin,Bin 4,,,,,3,0,1,1,0,#fce4ec,53,2026-10-01 13:51:38
11,1,6,bin,Bin 5,,,,,4,0,1,1,0,#fff8e1,54,2026-10-01 13:51:38
12,2,,section,Body,,,,,0,0,1,1,0,,,2026-10-01 13:51:38
13,2,12,shelf,Shelf 1 (Top),,,,,0,0,1,1,0,#e3f2fd,5,2026-10-01 13:51:38
14,2,12,shelf,Shelf 2,,,,,1,0,1,1,0,#e8f5e9,6,2026-10-01 13:51:38
15,2,12,shelf,Shelf 3,,,,,2,0,1,1,0,#fff3e0,7,2026-10-01 13:51:38
16,2,12,shelf,Shelf 4 (Bottom),,,,,3,0,1,1,0,#fce4ec,8,2026-10-01 13:51:38
17,2,,section,Door,,,,,0,0,1,1,0,,,2026-10-01 13:51:38
18,2,17,shelf,Shelf 1 (Top),,,,,0,0,1,1,0,#e3f2fd,9,2026-10-01 13:51:38
19,2,17,shelf,Shelf 2,,,,,1,0,1,1,0,#e8f5e9,10,2026-10-01 13:51:38
20,2,17,shelf,Shelf 3,,,,,2,0,1,1,0,#fff3e0,11,2026-10-01 13:51:38
21,2,17,shelf,Shelf 4,,,,,3,0,1,1,0,#fce4ec,12,2026-10-01 13:51:38
22,2,17,shelf,Shelf 5 (Bottom),,,,,4,0,1,1,0,#e3f2fd,13,2026-10-01 13:51:38
23,3,,section,Body,,,,,0,0,1,1,0,,,2026-10-01 13:51:38
24,3,23,shelf,Shelf 1,,,,,0,0,1,1,0,,,2026-10-01 13:51:38
25,3,24,rack,A,,,,,0,0,1,1,0,#e3f2fd,14,2026-10-01 13:51:38
26,3,24,rack,B,,,,,0,1,1,1,0,#e3f2fd,15,2026-10-01 13:51:38
27,3,24,rack,C,,,,,0,2,1,1,0,#e3f2fd,16,2026-10-01 13:51:38
28,3,24,rack,D,,,,,0,3,1,1,0,#e3f2fd,17,2026-10-01 13:51:38
29,3,23,shelf,Shelf 2,,,,,1,0,1,1,0,,,2026-10-01 13:51:38
30,3,29,rack,A,,,,,0,0,1,1,0,#e3f2fd,18,2026-10-01 13:51:38
31,3,29,rack,B,,,,,0,1,1,1,0,#e3f2fd,19,2026-10-01 13:51:38
32,3,29,rack,C,,,,,0,2,1,1,0,#e3f2fd,20,2026-10-01 13:51:38
33,3,29,rack,D,,,,,0,3,1,1,0,#e3f2fd,21,2026-10-01 13:51:38
34,3,23,shelf,Shelf 3,,,,,2,0,1,1,0,,,2026-10-01 13:51:38
35,3,34,rack,A,,,,,0,0,1,1,0,#e3f2fd,22,2026-10-01 13:51:38
36,3,34,rack,B,,,,,0,1,1,1,0,#e3f2fd,23,2026-10-01 13:51:38
37,3,34,rack,C,,,,,0,2,1,1,0,#e3f2fd,24,2026-10-01 13:51:38
38,3,34,rack,D,,,,,0,3,1,1,0,#e3f2fd,25,2026-10-01 13:51:38
39,3,23,shelf,Shelf 4,,,,,3,0,1,1,0,,,2026-10-01 13:51:38
40,3,39,rack,A,,,,,0,0,1,1,0,#e3f2fd,26,2026-10-01 13:51:38
41,3,39,rack,B,,,,,0,1,1,1,0,#e3f2fd,27,2026-10-01 13:51:38
42,3,39,rack,C,,,,,0,2,1,1,0,#e3f2fd,28,2026-10-01 13:51:38
43,3,39,rack,D,,,,,0,3,1,1,0,#e3f2fd,29,2026-10-01 13:51:38
44,3,23,shelf,Shelf 5,,,,,4,0,1,1,0,,,2026-10-01 13:51:38
45,3,44,rack,A,,,,,0,0,1,1,0,#e3f2fd,30,2026-10-01 13:51:38
46,3,44,rack,B,,,,,0,1,1,1,0,#e3f2fd,31,2026-10-01 13:51:38
47,3,44,rack,C,,,,,0,2,1,1,0,#e3f2fd,32,2026-10-01 13:51:38
48,3,44,rack,D,,,,,0,3,1,1,0,#e3f2fd,33,2026-10-01 13:51:38
49,5,,section,Body,,,,,0,0,1,1,0,,,2026-10-01 13:51:38
50,5,49,shelf,Shelf 1,-20.0,,,,0,0,1,1,0,#e3f2fd,55,2026-10-01 13:51:38
51,5,49,shelf,Shelf 2,-20.0,,,,1,0,1,1,0,#fff3e0,56,2026-10-01 13:51:38
52,5,49,shelf,Shelf 3,4.0,Amy Lab,,,2,0,1,1,0,#e8f5e9,57,2026-10-01 13:51:38
53,5,49,shelf,Shelf 4,,Costa Lab,,,3,0,1,1,0,#fce4ec,58,2026-10-01 13:51:38
54,5,49,shelf,Shelf 5,,Costa Lab,,,4,0,1,1,0,#e3f2fd,59,2026-10-01 13:51:38
55,5,49,drawer,Shelf 5 Right Drawer,,Costa Lab,,,4,1,1,1,0,#e3f2fd,60,2026-10-01 13:51:38
56,5,49,drawer,Shelf 6 Left Drawer,,,,,5,0,1,1,0,#e3f2fd,61,2026-10-01 13:51:38
57,5,49,drawer,Shelf 6 Right Drawer,,,,,5,1,1,1,0,#e3f2fd,62,2026-10-01 13:51:38
58,5,,section,Door,,,,,0,0,1,1,0,,,2026-10-01 13:51:38
59,5,58,shelf,Shelf 1,-20.0,,,,0,0,1,1,0,#e3f2fd,63,2026-10-01 13:51:38
60,5,58,shelf,Shelf,-20.0,,,,1,0,1,1,0,#fff3e0,64,2026-10-01 13:51:38
61,5,58,shelf,Shelf 3 Left,,Amy Lab,,,2,0,1,1,0,#e8f5e9,65,2026-10-01 13:51:38
62,5,58,shelf,Shelf 3 Right,,Amy Lab,,,2,1,1,1,0,#e3f2fd,66,2026-10-01 13:51:38
63,5,58,shelf,Shelf 4,,,,,3,0,1,1,0,#fce4ec,67,2026-10-01 13:51:38
64,5,58,shelf,Shelf 5,,,,,4,0,1,1,0,#e3f2fd,68,2026-10-01 13:51:38
